frame,detected,best_confidence,best_class_id,x1,y1,x2,y2,num_boxes
1,1,0.480587,0,997.61,613.28,1112.03,716.27,1
2,1,0.540233,0,1017.82,613.93,1125.38,718.69,1
3,1,0.474265,0,1021.29,615.45,1130.54,718.15,1
4,1,0.663994,0,1021.65,619.87,1134.21,720.4,1
5,1,0.726375,0,1027.37,616.06,1147.13,721.34,1
6,1,0.703347,0,1037.3,620.16,1147.12,722.62,1
7,1,0.612891,0,1045.31,619.56,1150.31,724.0,1
8,1,0.516798,0,1046.6,621.8,1154.43,724.49,1
9,1,0.648294,0,1049.18,619.72,1159.2,723.08,1
10,1,0.615071,0,1051.04,620.84,1166.56,723.39,1
11,1,0.641096,0,1054.38,623.17,1169.3,723.32,1
12,0,,,,,,,0
13,1,0.298736,0,1065.08,621.38,1174.37,726.84,1
14,1,0.33279,0,1036.2,622.67,1149.55,727.63,1
15,0,,,,,,,0
16,1,0.301966,0,986.72,623.66,1103.9,727.0,1
17,0,,,,,,,0
18,1,0.350693,0,942.03,622.36,1061.53,727.54,1
19,1,0.504849,0,932.58,624.91,1047.87,725.79,1
20,1,0.286955,0,940.47,624.5,1057.03,728.83,1
21,1,0.346036,0,952.19,628.92,1066.03,727.23,1
22,1,0.378216,0,965.01,627.12,1079.33,725.07,1
23,1,0.313944,0,972.67,628.58,1081.76,728.77,1
24,1,0.581357,0,976.63,627.72,1088.34,727.72,1
25,1,0.545188,0,978.52,629.07,1094.37,730.18,1
26,1,0.605692,0,980.8,629.92,1097.57,729.68,1
27,1,0.519788,0,986.02,626.29,1105.6,730.99,1
28,1,0.408634,0,985.23,626.47,1107.1,732.06,1
29,1,0.554646,0,993.63,630.2,1112.89,728.68,1
30,1,0.477736,0,1001.4,630.49,1118.04,731.96,1
31,1,0.317454,0,1002.56,631.69,1120.05,729.76,1
32,1,0.464185,0,1014.88,635.63,1121.49,728.76,1
33,1,0.476541,0,1018.79,634.22,1126.39,729.67,1
34,1,0.324739,0,1018.0,633.29,1129.92,729.5,1
35,0,,,,,,,0
36,1,0.54164,0,1025.97,634.96,1138.31,731.74,1
37,1,0.628999,0,1029.83,630.32,1147.17,731.16,1
38,1,0.492467,0,1038.28,635.82,1145.73,729.61,1
39,1,0.52898,0,1041.59,631.94,1149.82,730.36,1
40,1,0.354793,0,1035.46,630.78,1154.72,730.46,1
41,1,0.511745,0,1043.09,632.7,1155.76,729.18,1
42,1,0.468811,0,1053.26,634.6,1159.48,729.81,1
43,1,0.510835,0,1046.71,633.08,1162.23,730.75,1
44,1,0.525403,0,1047.0,629.67,1171.04,731.29,1
45,0,,,,,,,0
46,1,0.473321,0,1064.32,633.48,1177.49,729.7,1
47,0,,,,,,,0
48,1,0.302971,0,1068.78,633.65,1180.06,727.76,1
49,1,0.362048,0,1076.08,633.12,1182.27,730.22,1
50,1,0.325571,0,1071.8,632.38,1188.34,730.68,1
51,1,0.563253,0,1076.17,629.37,1191.67,729.59,1
52,1,0.365795,0,1087.72,631.6,1196.04,728.14,1
53,0,,,,,,,0
54,1,0.267553,0,1089.12,627.12,1200.14,728.33,1
55,1,0.57698,0,1093.15,630.06,1204.68,727.51,1
56,1,0.555944,0,1089.61,631.25,1201.56,728.37,1
57,1,0.506491,0,1091.88,627.79,1202.73,727.67,1
58,1,0.573603,0,1097.05,629.26,1205.83,729.38,1
59,1,0.469168,0,1099.92,632.35,1213.15,729.54,1
60,1,0.469497,0,1098.39,628.98,1212.79,728.59,1
61,1,0.577363,0,1097.82,627.33,1215.64,727.69,1
62,1,0.507894,0,1100.1,627.65,1219.23,727.13,1
63,1,0.423808,0,1105.5,630.59,1215.02,726.69,1
64,1,0.2544,0,1101.83,627.73,1219.41,727.11,1
65,0,,,,,,,0
66,0,,,,,,,0
67,0,,,,,,,0
68,0,,,,,,,0
69,0,,,,,,,0
70,0,,,,,,,0
71,0,,,,,,,0
72,1,0.454485,0,1109.91,622.87,1227.4,725.09,1
73,1,0.503525,0,1115.87,622.75,1230.73,725.01,1
74,1,0.612082,0,1118.9,623.13,1231.13,724.93,1
75,1,0.468388,0,1114.95,624.36,1226.07,723.49,1
76,1,0.496255,0,1122.9,625.66,1228.84,725.57,1
77,1,0.576881,0,1116.93,623.25,1237.95,725.11,1
78,1,0.473309,0,1120.59,624.82,1241.05,724.95,1
79,1,0.670511,0,1118.66,624.28,1241.94,724.19,1
80,1,0.569703,0,1117.08,626.95,1242.45,726.85,1
81,1,0.588412,0,1113.8,624.36,1244.88,726.98,1
82,1,0.634632,0,1116.51,624.84,1247.72,726.84,1
83,1,0.680156,0,1117.34,625.05,1248.72,728.36,1
84,1,0.655659,0,1112.2,624.45,1248.96,728.97,1
85,1,0.72359,0,1118.95,626.36,1246.8,730.03,1
86,1,0.791225,0,1119.85,624.29,1250.25,729.8,1
87,1,0.805631,0,1120.2,624.05,1245.51,729.85,1
88,1,0.817735,0,1121.1,622.47,1251.67,729.82,1
89,1,0.806653,0,1120.7,622.7,1253.17,730.88,1
90,1,0.799685,0,1126.38,624.66,1255.05,732.03,1
91,1,0.786774,0,1127.38,625.38,1249.74,729.87,1
92,1,0.815632,0,1121.41,624.55,1252.72,729.77,1
93,1,0.818975,0,1119.25,623.53,1254.95,730.9,1
94,1,0.821007,0,1118.69,622.9,1257.21,731.02,1
95,1,0.788409,0,1131.04,624.07,1257.4,729.8,1
96,1,0.776471,0,1132.42,625.63,1251.13,729.84,1
97,1,0.810165,0,1126.67,624.1,1259.96,731.06,1
98,1,0.816455,0,1131.7,623.41,1259.17,729.33,1
99,1,0.815358,0,1131.55,624.05,1257.36,729.96,1
100,1,0.825284,0,1121.54,623.19,1259.02,730.96,1
101,1,0.781967,0,1136.0,623.29,1265.21,729.46,1
102,1,0.778326,0,1135.41,623.69,1263.31,730.75,1
103,1,0.777617,0,1132.33,623.27,1262.92,730.47,1
104,1,0.782277,0,1136.51,624.75,1257.64,729.16,1
105,1,0.646517,0,1134.42,625.15,1251.23,727.24,1
106,1,0.659172,0,1137.28,625.27,1249.85,726.87,1
107,1,0.552703,0,1132.94,622.19,1255.44,725.15,1
108,1,0.676475,0,1133.5,624.74,1245.75,725.07,1
109,1,0.515465,0,1134.44,622.13,1250.79,727.43,1
110,1,0.455765,0,1135.64,623.0,1246.14,728.56,1
111,1,0.567667,0,1134.29,624.22,1240.95,727.45,1
112,1,0.690009,0,1133.94,625.35,1240.29,725.69,1
113,1,0.771691,0,1125.45,622.11,1246.25,728.58,1
114,1,0.685683,0,1128.26,623.92,1242.41,726.7,1
115,1,0.728365,0,1127.03,623.59,1238.74,727.05,1
116,1,0.746878,0,1122.55,618.79,1243.45,726.46,1
117,1,0.6599,0,1125.36,620.17,1231.41,722.02,1
118,1,0.728219,0,1121.73,618.42,1238.68,723.69,1
119,1,0.666673,0,1120.5,620.45,1226.85,724.13,1
120,1,0.747519,0,1118.55,617.66,1239.32,723.22,1
121,1,0.750344,0,1115.85,619.11,1229.28,721.51,1
122,1,0.632545,0,1111.17,620.55,1223.48,721.14,1
123,1,0.696353,0,1114.39,618.25,1224.79,721.4,1
124,1,0.717206,0,1107.47,617.28,1223.43,719.57,1
125,1,0.757285,0,1095.46,615.58,1218.28,721.64,1
126,1,0.690507,0,1101.63,612.99,1218.22,719.81,1
127,1,0.774125,0,1093.09,610.87,1211.15,718.77,1
128,1,0.723065,0,1097.03,611.52,1207.1,719.07,1
129,1,0.608179,0,1091.97,607.94,1200.23,719.18,1
130,1,0.644064,0,1083.88,607.38,1195.39,716.33,1
131,1,0.664714,0,1076.32,605.29,1193.29,715.77,1
132,1,0.558119,0,1071.77,610.42,1178.2,710.56,1
133,1,0.70343,0,1050.45,605.19,1180.68,710.2,1
134,1,0.532935,0,1055.36,606.27,1165.41,710.35,1
135,1,0.759118,0,1038.8,604.45,1158.5,709.45,1
136,1,0.72695,0,1041.79,604.0,1149.08,706.49,1
137,1,0.691794,0,1028.96,600.95,1143.9,707.2,1
138,1,0.542504,0,1019.07,601.41,1131.74,705.1,1
139,1,0.611891,0,999.77,599.4,1123.53,703.65,1
140,1,0.493231,0,997.17,598.33,1108.26,701.7,1
141,1,0.447279,0,989.08,596.03,1100.98,701.41,1
142,1,0.671163,0,975.32,596.11,1088.24,698.31,1
143,1,0.336966,0,965.93,598.59,1069.69,698.32,1
144,1,0.459518,0,949.33,591.62,1068.12,696.6,1
145,1,0.578073,0,929.53,593.94,1050.24,697.63,1
146,1,0.638349,0,923.95,588.72,1045.79,697.06,1
147,1,0.251738,0,911.68,592.06,1023.35,694.95,1
148,0,,,,,,,0
149,1,0.540962,0,890.86,586.82,1001.54,691.29,1
150,1,0.658517,0,870.77,586.46,986.19,688.97,1
151,1,0.752118,0,876.63,585.64,989.28,687.59,1
152,1,0.769137,0,880.55,584.6,999.04,686.57,1
153,1,0.542515,0,900.05,584.67,1011.94,685.73,1
154,1,0.62314,0,907.42,581.62,1020.85,684.89,1
155,1,0.691293,0,922.8,579.18,1033.94,682.55,1
156,1,0.781274,0,931.59,580.7,1038.46,680.59,1
157,1,0.77845,0,927.77,575.0,1050.09,681.19,1
158,1,0.615604,0,897.7,573.74,1022.38,681.1,1
159,1,0.706939,0,881.13,571.45,1003.12,679.53,1
160,1,0.643742,0,862.31,574.53,977.45,676.7,1
161,1,0.755904,0,847.87,572.95,958.06,676.65,1
162,1,0.699496,0,810.9,569.86,929.04,672.87,1
163,1,0.721817,0,815.67,569.64,921.98,673.05,1
164,1,0.739637,0,824.57,566.96,938.9,674.3,1
165,1,0.703574,0,808.77,568.36,922.31,672.4,1
166,1,0.744034,0,787.65,560.9,909.94,671.56,1
167,1,0.649642,0,765.25,567.31,875.57,667.91,1
168,1,0.775755,0,746.16,562.7,865.25,670.26,1
169,1,0.581297,0,719.77,563.11,837.01,667.6,1
170,1,0.496238,0,710.48,564.12,823.62,666.86,1
171,1,0.641083,0,667.9,562.34,788.47,664.01,1
172,1,0.649648,0,650.55,563.29,765.75,665.81,1
173,1,0.465687,0,630.76,565.23,746.58,660.82,1
174,1,0.51948,0,613.15,564.86,727.17,659.81,1
175,1,0.65575,0,591.16,564.64,705.88,660.32,1
176,1,0.754928,0,574.59,563.89,694.26,660.89,1
177,1,0.672111,0,545.14,561.73,668.45,656.32,1
178,1,0.537766,0,539.65,561.11,657.03,661.42,1
179,1,0.551586,0,518.31,554.9,633.09,654.65,1
180,1,0.490816,0,493.29,545.24,621.69,662.67,2
181,0,,,,,,,0
182,0,,,,,,,0
183,0,,,,,,,0
184,0,,,,,,,0
185,0,,,,,,,0
186,1,0.261384,0,477.75,543.14,599.69,654.65,1
187,1,0.406743,0,489.35,546.98,597.5,653.72,1
188,0,,,,,,,0
189,0,,,,,,,0
190,0,,,,,,,0
191,0,,,,,,,0
192,0,,,,,,,0
193,1,0.331639,0,539.41,547.3,653.05,644.1,1
194,0,,,,,,,0
195,0,,,,,,,0
196,0,,,,,,,0
197,0,,,,,,,0
198,0,,,,,,,0
199,1,0.333055,0,600.67,537.54,731.52,639.81,1
200,1,0.630832,0,617.51,535.24,747.26,638.24,1
201,1,0.755293,0,638.72,534.11,767.29,634.33,1
202,1,0.820287,0,655.85,531.24,782.85,632.26,1
203,1,0.806696,0,666.9,529.69,797.32,632.7,1
204,1,0.813723,0,662.18,528.34,779.21,628.33,1
205,1,0.772403,0,651.13,526.75,766.44,627.58,1
206,1,0.764819,0,642.53,524.31,757.27,626.28,1
207,1,0.61742,0,640.84,524.65,749.39,625.27,1
208,1,0.630602,0,639.73,525.73,744.33,623.46,1
209,1,0.5962,0,630.9,526.73,730.07,620.15,1
210,1,0.563016,0,622.65,522.44,737.37,623.03,1
211,1,0.545423,0,616.33,519.49,737.45,621.56,1
212,1,0.59322,0,613.69,519.08,735.47,618.52,1
213,1,0.48714,0,607.23,519.2,730.61,620.36,1
214,1,0.625041,0,604.2,519.43,729.11,622.37,1
215,1,0.407023,0,591.74,519.28,714.16,620.5,1
216,0,,,,,,,0
217,0,,,,,,,0
218,0,,,,,,,0
219,0,,,,,,,0
220,0,,,,,,,0
221,0,,,,,,,0
222,0,,,,,,,0
223,0,,,,,,,0
224,0,,,,,,,0
225,0,,,,,,,0
226,0,,,,,,,0
227,0,,,,,,,0
228,0,,,,,,,0
229,0,,,,,,,0
230,0,,,,,,,0
231,0,,,,,,,0
232,0,,,,,,,0
233,0,,,,,,,0
234,0,,,,,,,0
235,1,0.351694,0,1773.29,0.0,1911.26,85.35,1
236,1,0.543836,0,615.44,506.29,729.28,601.72,2
237,1,0.695236,0,643.65,499.92,768.67,602.82,2
238,1,0.52647,0,661.81,502.43,781.25,602.41,2
239,1,0.406487,0,661.02,503.61,772.52,601.81,2
240,1,0.412925,0,658.93,499.53,774.31,602.34,2
241,1,0.471081,0,659.35,500.04,770.38,601.44,2
242,1,0.515436,0,659.77,502.06,773.71,600.78,2
243,1,0.54458,0,663.05,497.69,787.03,601.63,2
244,1,0.561344,0,666.62,501.56,783.36,601.41,2
245,1,0.434798,0,675.68,499.35,785.73,601.36,2
246,1,0.592869,0,678.57,501.55,796.45,602.02,2
247,1,0.674786,0,684.73,500.58,808.27,603.69,2
248,1,0.718149,0,690.39,501.27,811.46,602.67,2
249,1,0.510511,0,702.86,500.19,815.69,602.96,2
250,1,0.372136,0,1773.48,0.0,1911.29,85.71,2
251,1,0.517672,0,716.46,499.34,833.56,602.61,2
252,1,0.463962,0,728.3,500.71,843.16,602.86,2
253,1,0.690637,0,737.66,502.17,852.42,602.38,2
254,1,0.607046,0,749.49,498.39,864.02,602.79,2
255,1,0.728227,0,759.77,501.79,877.56,602.68,2
256,1,0.648514,0,771.78,499.28,890.66,602.37,2
257,1,0.605158,0,782.53,500.5,903.79,602.47,2
258,1,0.62674,0,795.32,498.91,914.48,602.65,2
259,1,0.475063,0,806.01,501.12,921.66,601.79,2
260,1,0.52616,0,817.78,500.42,930.96,603.05,1
261,1,0.622955,0,828.23,501.88,945.39,603.53,1
262,1,0.689617,0,842.48,498.49,964.01,604.09,1
263,1,0.639441,0,843.99,501.3,956.41,603.64,1
264,1,0.696797,0,830.03,502.86,949.47,603.42,1
265,1,0.634401,0,812.65,501.38,933.01,603.47,1
266,1,0.609251,0,803.73,504.04,920.89,604.32,1
267,1,0.521016,0,791.53,500.27,904.68,604.41,1
268,1,0.648483,0,780.64,500.19,904.53,603.77,1
269,1,0.650704,0,768.54,500.59,890.57,603.66,1
270,1,0.647358,0,757.8,499.93,877.68,603.39,1
271,1,0.615958,0,748.5,501.24,864.85,603.39,1
272,1,0.732135,0,735.51,502.38,853.23,602.86,1
273,1,0.619291,0,724.48,504.19,844.38,603.9,1
274,1,0.568691,0,718.55,500.98,833.21,602.18,1
275,1,0.437874,0,714.77,501.75,828.35,601.58,1
276,1,0.300852,0,733.18,502.7,846.11,602.99,1
277,1,0.597577,0,756.59,502.39,867.18,603.92,1
278,1,0.552323,0,774.81,501.6,887.97,602.47,1
279,1,0.643413,0,774.8,502.93,891.49,603.7,1
280,1,0.584148,0,768.49,502.97,882.94,603.24,1
281,1,0.657698,0,758.32,504.49,873.16,602.98,1
282,1,0.498717,0,752.01,503.8,864.16,604.13,1
283,1,0.596066,0,745.18,500.63,863.89,603.47,1
284,1,0.652033,0,734.88,504.14,847.05,604.4,1
285,1,0.672926,0,725.83,503.2,845.59,604.33,1
286,1,0.548659,0,719.21,502.54,832.53,602.98,1
287,1,0.484281,0,728.96,502.1,838.49,602.94,1
288,1,0.422577,0,750.47,502.7,860.37,602.95,1
289,1,0.601037,0,777.5,503.96,886.4,602.52,1
290,1,0.611299,0,793.02,499.88,912.94,603.9,1
291,1,0.710499,0,817.59,502.23,934.4,603.35,1
292,1,0.729054,0,825.69,502.51,943.61,605.43,1
293,1,0.724202,0,821.69,502.09,934.45,603.94,1
294,1,0.621362,0,815.19,503.57,922.58,603.36,1
295,1,0.304951,0,806.12,502.52,914.15,604.94,1
296,1,0.557157,0,803.33,502.37,909.45,604.86,1
297,1,0.526343,0,794.4,501.05,907.59,603.94,1
298,1,0.623499,0,784.34,498.0,905.84,604.52,1
299,1,0.634911,0,783.36,497.68,902.76,603.83,1
300,1,0.656648,0,808.32,500.72,922.62,603.65,1
301,1,0.673574,0,836.22,501.91,945.05,603.17,1
302,1,0.709532,0,857.86,502.07,969.66,602.0,1
303,1,0.671232,0,883.1,499.02,1005.82,602.71,1
304,1,0.57071,0,902.48,499.94,1012.65,603.24,1
305,1,0.684307,0,925.17,498.55,1046.06,604.86,1
306,1,0.628728,0,937.08,498.66,1047.28,602.4,1
307,1,0.687239,0,937.04,500.32,1041.76,601.7,1
308,1,0.724669,0,926.79,500.37,1034.79,601.83,1
309,1,0.613901,0,923.09,500.23,1028.43,602.54,1
310,1,0.653059,0,915.35,498.29,1021.35,601.23,1
311,1,0.717685,0,909.3,501.07,1016.21,602.15,1
312,1,0.637477,0,903.2,501.93,1009.0,602.17,1
313,1,0.728771,0,901.8,499.55,1008.19,602.54,1
314,1,0.765991,0,888.82,497.47,1007.77,603.57,1
315,1,0.714394,0,888.71,498.18,1000.83,602.89,1
316,1,0.745576,0,881.35,497.68,998.8,602.32,1
317,1,0.661038,0,877.75,500.85,980.91,602.76,1
318,1,0.716402,0,875.83,502.26,974.53,602.09,1
319,1,0.70955,0,889.84,498.88,1000.01,602.48,1
320,1,0.754217,0,919.29,497.47,1032.17,603.35,1
321,1,0.632952,0,943.28,499.29,1047.08,602.71,1
322,1,0.641825,0,964.82,499.23,1068.15,601.48,1
323,1,0.714076,0,983.24,499.17,1090.16,601.62,1
324,1,0.673685,0,1007.91,499.31,1113.3,601.51,1
325,1,0.667554,0,1028.93,497.86,1143.41,601.32,1
326,1,0.686477,0,1031.36,497.55,1140.26,601.87,1
327,1,0.572097,0,1020.46,498.35,1132.17,602.88,1
328,1,0.539229,0,1013.75,494.45,1123.52,601.51,1
329,1,0.646748,0,1013.3,494.58,1123.35,600.68,1
330,1,0.324702,0,1005.11,495.51,1109.91,599.61,1
331,1,0.620965,0,998.48,493.91,1105.64,599.28,1
332,1,0.285471,0,984.88,491.66,1096.61,598.98,1
333,1,0.600072,0,980.81,494.5,1089.26,600.18,1
334,1,0.524797,0,973.1,494.16,1087.84,600.78,1
335,1,0.523122,0,967.04,493.65,1075.46,599.92,1
336,1,0.664256,0,967.17,490.94,1078.74,600.67,1
337,1,0.265647,0,952.12,492.85,1061.2,594.71,1
338,0,,,,,,,0
339,1,0.405032,0,935.34,492.23,1049.79,596.26,1
340,1,0.39606,0,926.76,493.57,1037.33,594.86,1
341,1,0.548762,0,923.99,491.11,1037.7,593.62,1
342,1,0.651796,0,919.94,490.83,1033.03,593.67,1
343,1,0.438299,0,908.05,492.6,1015.22,593.55,1
344,1,0.333294,0,899.83,492.28,1011.38,591.86,1
345,1,0.571117,0,895.44,489.5,1007.95,591.91,1
346,1,0.473134,0,892.82,494.41,994.21,594.86,1
347,1,0.651514,0,878.37,490.68,992.4,593.56,1
348,1,0.547999,0,874.04,490.94,987.12,592.57,1
349,1,0.487988,0,897.65,492.28,1003.03,593.04,1
350,1,0.488694,0,923.84,491.06,1032.32,592.77,1
351,0,,,,,,,0
352,1,0.714965,0,968.12,489.81,1084.3,596.64,1
353,1,0.406855,0,989.94,494.86,1093.87,595.7,1
354,0,,,,,,,0
355,1,0.299015,0,991.55,493.58,1097.16,593.97,1
356,1,0.331594,0,985.58,492.03,1089.8,595.65,1
357,1,0.394644,0,979.06,490.51,1084.22,592.06,1
358,1,0.301274,0,961.6,488.01,1079.12,598.34,1
359,1,0.493658,0,956.63,490.11,1066.82,596.52,1
360,0,,,,,,,0
361,1,0.514885,0,938.58,490.13,1053.99,594.6,1
362,1,0.352736,0,950.67,490.02,1060.7,591.56,1
363,1,0.637922,0,977.63,487.39,1097.34,593.68,1
364,1,0.368565,0,996.8,490.14,1111.84,592.41,1
365,0,,,,,,,0
366,1,0.396896,0,1039.85,492.58,1145.73,592.13,1
367,0,,,,,,,0
368,1,0.279693,0,1057.52,489.1,1163.3,593.79,1
369,0,,,,,,,0
370,1,0.664119,0,1036.78,488.62,1152.04,593.56,1
371,1,0.622828,0,1026.81,491.57,1134.9,592.3,1
372,1,0.651452,0,1017.57,487.26,1131.04,591.93,1
373,1,0.355012,0,1005.52,491.67,1110.67,591.29,1
374,1,0.287654,0,996.34,488.22,1102.71,590.35,1
375,1,0.434479,0,993.37,488.76,1102.86,589.68,1
376,0,,,,,,,0
377,1,0.299626,0,1038.77,492.01,1144.07,591.25,1
378,1,0.574144,0,1054.7,487.0,1171.76,592.74,1
379,1,0.362944,0,1046.34,492.23,1156.19,590.97,1
380,1,0.433529,0,1040.1,489.77,1146.62,591.37,1
381,1,0.562275,0,1025.63,491.19,1135.79,592.24,1
382,1,0.264847,0,1019.49,492.32,1123.51,591.18,1
383,0,,,,,,,0
384,1,0.55423,0,994.36,488.75,1106.37,591.84,1
385,1,0.415693,0,977.14,491.95,1086.57,593.07,1
386,1,0.54304,0,972.1,489.85,1080.94,591.75,1
387,1,0.432998,0,951.59,489.98,1064.3,592.92,1
388,1,0.25244,0,947.33,492.33,1050.93,591.65,1
389,1,0.642521,0,928.3,490.78,1041.49,592.78,1
390,1,0.252212,0,924.58,491.58,1027.73,592.06,1
391,1,0.41609,0,910.44,493.02,1014.03,591.39,1
392,1,0.616322,0,896.42,488.82,1013.09,592.25,1
393,1,0.665497,0,882.8,487.16,1002.33,592.32,1
394,1,0.463339,0,870.64,490.81,981.53,592.29,1
395,1,0.544034,0,857.29,488.31,975.37,591.54,1
396,1,0.427316,0,851.12,492.81,951.55,590.89,1
397,1,0.736292,0,831.64,487.03,948.93,593.23,1
398,1,0.33163,0,816.41,488.56,928.63,593.81,1
399,1,0.573895,0,805.09,491.37,917.03,592.5,1
400,1,0.649095,0,796.24,489.92,911.27,592.33,1
401,1,0.657949,0,784.65,490.52,902.7,593.28,1
402,1,0.639876,0,776.33,490.43,890.27,592.44,1
403,1,0.667918,0,773.53,495.09,872.1,591.59,1
404,1,0.645841,0,791.63,492.83,896.08,592.43,1
405,1,0.308386,0,804.78,491.39,912.75,591.33,1
406,1,0.345441,0,793.33,490.76,907.6,594.01,1
407,1,0.717592,0,786.28,488.98,907.22,593.33,1
408,1,0.406574,0,778.19,492.44,883.07,592.55,1
409,1,0.517944,0,762.04,492.8,868.43,592.52,1
410,1,0.56864,0,753.35,493.08,860.19,592.77,1
411,1,0.660911,0,738.84,488.95,858.53,593.0,1
412,1,0.310346,0,720.48,489.49,837.83,594.36,1
413,1,0.351383,0,710.81,494.09,819.61,593.43,1
414,1,0.423461,0,719.38,492.7,831.16,594.13,1
415,1,0.716206,0,742.75,491.69,864.67,595.36,1
416,1,0.607003,0,766.35,491.46,875.88,595.38,1
417,1,0.369705,0,783.31,493.21,892.69,596.61,1
418,0,,,,,,,0
419,1,0.371306,0,800.18,493.02,910.05,597.42,1
420,1,0.709055,0,789.06,491.78,906.37,597.0,1
421,1,0.62166,0,778.38,492.06,887.89,597.25,1
422,1,0.508215,0,768.62,493.81,870.67,598.05,1
423,1,0.545056,0,752.79,494.12,860.57,597.94,1
424,1,0.733491,0,738.26,490.8,859.18,600.56,1
425,1,0.481318,0,731.37,496.4,833.07,598.07,1
426,1,0.360279,0,717.4,495.6,821.87,598.73,1
427,1,0.486559,0,703.75,494.23,815.31,598.77,1
428,1,0.269422,0,689.86,495.46,796.55,598.24,1
429,1,0.463834,0,681.17,498.11,782.26,598.43,1
430,1,0.37004,0,663.06,498.07,769.81,598.52,1
431,1,0.524755,0,648.88,495.81,764.89,599.93,1
432,0,,,,,,,0
433,1,0.444133,0,625.77,497.44,728.92,597.9,1
434,0,,,,,,,0
435,0,,,,,,,0
436,0,,,,,,,0
437,0,,,,,,,0
438,0,,,,,,,0
439,1,0.269817,0,632.39,496.42,736.04,594.07,1
440,1,0.650383,0,652.11,494.13,762.28,596.77,1
441,0,,,,,,,0
442,1,0.322412,0,677.25,495.84,779.75,596.44,1
443,0,,,,,,,0
444,1,0.597401,0,671.12,494.1,783.62,594.26,1
445,1,0.27529,0,657.93,496.18,763.19,592.89,1
446,1,0.705676,0,645.1,492.94,762.03,592.11,1
447,1,0.579882,0,629.59,491.73,748.1,591.18,1
448,1,0.43133,0,609.01,492.45,730.02,590.6,1
449,0,,,,,,,0
450,0,,,,,,,0
451,0,,,,,,,0
452,0,,,,,,,0
453,0,,,,,,,0
454,1,0.483743,0,600.44,490.98,714.4,584.72,1
455,1,0.281332,0,621.25,489.18,728.77,585.84,1
456,0,,,,,,,0
457,1,0.56308,0,619.46,486.55,728.46,582.31,1
458,1,0.4294,0,610.17,484.81,719.57,585.92,1
459,1,0.588924,0,594.58,481.26,708.03,583.38,1
460,0,,,,,,,0
461,0,,,,,,,0
462,1,0.459317,0,557.31,484.43,667.11,579.53,1
463,0,,,,,,,0
464,0,,,,,,,0
465,0,,,,,,,0
466,0,,,,,,,0
467,0,,,,,,,0
468,0,,,,,,,0
469,0,,,,,,,0
470,0,,,,,,,0
471,0,,,,,,,0
472,0,,,,,,,0
473,0,,,,,,,0
474,0,,,,,,,0
475,0,,,,,,,0
476,0,,,,,,,0
477,0,,,,,,,0
478,0,,,,,,,0
479,0,,,,,,,0
480,0,,,,,,,0
481,0,,,,,,,0
482,0,,,,,,,0
483,0,,,,,,,0
484,1,0.387128,0,1773.86,0.0,1911.21,86.08,1
485,1,0.40422,0,1773.63,0.0,1911.19,86.11,1
486,1,0.395576,0,1773.93,0.0,1911.09,86.02,1
487,1,0.383741,0,1774.02,0.0,1911.24,86.08,1
488,1,0.444982,0,615.25,469.94,724.25,564.43,2
489,1,0.386489,0,1774.64,0.0,1911.28,85.8,1
490,1,0.382786,0,1774.54,0.0,1911.32,86.15,1
491,1,0.383877,0,1774.66,0.0,1911.11,85.71,2
492,1,0.650955,0,667.54,465.92,784.85,566.39,2
493,1,0.352987,0,1773.56,0.0,1911.28,86.11,1
494,1,0.328269,0,1774.22,0.0,1911.26,85.74,2
495,1,0.346306,0,678.71,469.99,791.53,565.56,2
496,1,0.326923,0,1774.15,0.0,1911.26,85.76,2
497,1,0.500594,0,643.47,466.61,758.58,569.54,2
498,1,0.328486,0,1774.31,0.0,1911.3,85.92,1
499,1,0.420917,0,620.0,466.84,735.34,568.68,2
500,1,0.352508,0,1774.56,0.0,1911.26,86.06,1
501,1,0.409907,0,644.55,469.02,754.79,569.85,2
502,1,0.316421,0,1774.85,0.0,1911.38,85.77,2
503,1,0.422035,0,680.01,469.21,790.62,566.47,2
504,1,0.522542,0,687.02,471.53,797.73,568.48,2
505,1,0.530925,0,706.68,470.53,818.29,568.4,2
506,1,0.516841,0,716.29,470.68,824.66,567.24,2
507,1,0.309335,0,1774.86,0.0,1911.49,86.02,1
508,1,0.696382,0,740.56,465.42,860.93,570.69,2
509,1,0.347888,0,758.1,470.71,860.57,566.19,1
510,1,0.519793,0,764.67,470.47,871.58,569.15,1
511,0,,,,,,,0
512,1,0.575673,0,790.42,467.47,905.46,570.77,1
513,1,0.538665,0,804.21,468.01,915.89,567.74,1
514,1,0.48082,0,819.32,469.87,918.6,569.1,1
515,1,0.536868,0,809.28,471.52,917.57,568.76,1
516,1,0.472401,0,801.05,468.06,910.99,567.31,1
517,1,0.482637,0,780.89,469.13,890.62,567.29,1
518,1,0.628024,0,762.37,465.86,879.73,568.28,1
519,1,0.264452,0,748.45,465.07,860.21,568.48,1
520,1,0.622718,0,732.98,466.34,851.32,566.22,1
521,0,,,,,,,0
522,1,0.456169,0,745.64,465.57,853.02,567.67,1
523,1,0.634636,0,761.74,469.59,870.09,567.2,1
524,1,0.39969,0,770.37,463.68,893.84,564.6,1
525,1,0.570204,0,784.23,466.23,898.84,564.66,1
526,1,0.558909,0,805.38,465.24,911.14,563.38,1
527,1,0.635252,0,807.36,464.94,918.93,562.12,1
528,1,0.414135,0,799.51,461.05,910.74,561.77,1
529,1,0.380467,0,783.74,460.56,890.33,563.14,1
530,1,0.600411,0,772.7,459.61,876.05,559.06,1
531,1,0.532692,0,756.98,457.67,861.41,559.01,1
532,1,0.575352,0,737.98,456.5,845.91,556.34,1
533,1,0.671053,0,724.55,456.03,833.77,555.25,1
534,1,0.626956,0,724.78,453.98,836.71,555.16,1
535,1,0.558106,0,741.47,455.3,846.96,554.98,1
536,1,0.426359,0,758.38,454.74,863.69,554.96,1
537,1,0.619373,0,777.11,455.36,875.3,551.99,1
538,1,0.656536,0,784.99,453.02,892.99,552.26,1
539,1,0.644227,0,798.53,450.92,907.29,552.36,1
540,1,0.466047,0,807.43,450.6,914.05,550.25,1
541,1,0.640882,0,816.4,448.28,925.3,550.2,1
542,1,0.606967,0,828.2,447.97,938.28,549.98,1
543,1,0.501959,0,825.9,447.92,927.15,547.37,1
544,1,0.335325,0,802.79,445.27,914.13,545.55,1
545,1,0.642413,0,787.16,442.85,907.64,546.22,1
546,1,0.324977,0,780.27,448.3,880.94,543.36,1
547,1,0.568042,0,762.31,446.32,866.98,542.38,1
548,1,0.435056,0,750.01,444.15,853.05,541.35,1
549,1,0.441408,0,753.56,445.46,853.53,540.61,1
550,1,0.616859,0,764.65,440.76,880.53,540.97,1
551,1,0.728144,0,782.18,436.33,896.59,539.73,1
552,1,0.534281,0,796.94,438.87,902.27,537.66,1
553,1,0.670433,0,783.69,435.82,900.29,538.44,1
554,0,,,,,,,0
555,1,0.559833,0,759.91,432.04,866.11,536.34,1
556,1,0.662503,0,743.85,429.07,857.02,533.64,1
557,1,0.631038,0,751.97,431.66,859.22,536.07,1
558,1,0.453072,0,773.25,430.39,876.04,531.44,1
